{
  "alignment": "yaw",
  "alignment_details": {
    "translation": [
      0.08725533545783781,
      -0.33121476477776923,
      -0.0025417541142368494
    ],
    "yaw_rad": 0.012437064629511337
  },
  "baseline": "/home/frank/gaussian_lic_ros2/baseline/fastlivo2/CBD_Building_01/native_reference/cocolic_livo_reference_10hz.tum",
  "baseline_poses": 1231,
  "coverage": 0.9528838342810723,
  "current": "/home/frank/gaussian_lic_ros2/results/fastlivo2/CBD_Building_01_native_tracking_cocolic_reference_imu_scale_full_120s/artifacts/trajectory.tum",
  "current_poses": 1186,
  "errors": [],
  "matched_poses": 1173,
  "max_association_dt_sec": 0.05,
  "ok": true,
  "path_length": {
    "absolute_drift_m": 5.7273325639726735,
    "baseline_m": 33.33728141383672,
    "current_m": 39.064613977809394,
    "relative_drift": 0.17179962855626044
  },
  "thresholds": {
    "max_error_m": 5.0,
    "max_mean_m": 1.5,
    "max_path_drift": 0.75,
    "max_rmse_m": 2.0,
    "min_coverage": 0.4,
    "min_matches": 1000
  },
  "translation": {
    "max_m": 0.47405637999381206,
    "mean_m": 0.18098002508988423,
    "median_m": 0.15757457535002906,
    "rmse_m": 0.2032456898467995
  }
}
